Sample,Residue_ID,Phi,Psi
7q64,2,-67.32,124.72
7q64,3,-127.28,154.84
7q64,4,-149.91,140.28
7q64,5,-140.07,140.65
7q64,6,-129.42,116.09
7q64,7,-119.26,133.65
7q64,8,-127.44,113.50
7q64,9,133.76,-135.22
7q64,10,-134.18,141.59
7q64,11,-154.11,154.91
7q64,12,-139.71,134.22
7q64,13,-130.44,148.14
7q64,14,94.46,-143.59
7q64,15,-119.83,108.19
7q64,16,-162.20,155.04
7q64,17,-89.72,116.82
7q64,18,-120.39,119.39
7q64,19,-128.15,107.02
7q64,20,-137.62,149.12
7q64,21,-138.99,127.55
7q64,22,-122.20,126.95
7q64,23,-125.21,132.08
7q64,24,-126.39,120.09
7q64,25,-112.16,9.88
7q64,26,-151.91,-153.32
7q64,27,-79.13,136.64
7q64,28,-142.11,123.90
7q64,29,-129.47,68.61
7q64,30,-69.24,122.77
7q64,31,-137.32,128.53
7q64,32,163.78,-162.01
7q64,33,-151.83,154.22
7q64,34,163.70,-170.67
7q64,35,-112.65,142.14
7q64,36,-121.81,109.20
7q64,37,126.46,-115.14
7q64,38,-125.34,120.19
7q64,39,-118.26,112.45
